{
    "cameras": [
        {
            "name": "Left",
            "id": 0,
            "image_width": 1920,
            "image_height": 1536,
            "intrinsics": {
                "fx": 510.6160252953,
                "fy": 510.8831206311,
                "cx": 963.3519332717,
                "cy": 762.5888862920,
                "k1": 0.1391740321,
                "k2": -0.0428092983,
                "k3": 0.0031307063,
                "k4": -0.0000277339
            },
            "extrinsics": {
                "position": [
                    0.1151099,
                    -0.0007408,
                    0.1109724
                ],
                "rotation_rpy_rad": [
                    0.0,
                    0.0,
                    0.0
                ]
            }
        },
        {
            "name": "Front",
            "id": 1,
            "image_width": 1920,
            "image_height": 1536,
            "intrinsics": {
                "fx": 508.9550327672,
                "fy": 508.7736518651,
                "cx": 958.2270523983,
                "cy": 768.4881619509,
                "k1": 0.1330145428,
                "k2": -0.0330458966,
                "k3": -0.0026217475,
                "k4": 0.0011783875
            },
            "extrinsics": {
                "position": [
                    -0.0062785,
                    0.1156437,
                    0.1109724
                ],
                "rotation_rpy_rad": [
                    0.0,
                    0.0,
                    1.5707963
                ]
            }
        }
    ]
}